seed,task,model,known_assay_n,known_assay_coverage,known_assay_rmse,known_assay_mae,known_assay_r2,scaffolds
20261009,hepg2_pIC50,matched_nested_2d,1502,0.9597444089456869,0.6462370539258626,0.46083190996566165,0.5041431815212734,458
20261009,hepg2_pIC50,stage12_2d_plus_unimol2,1502,0.9597444089456869,0.6409365075399406,0.456179097265411,0.5122440266201465,458
20261009,hepg2_pIC50,established_independent_2d,1502,0.9597444089456869,0.6498130592296035,0.45759949809889894,0.49864027004892186,458
20261009,hct116_pIC50,matched_nested_2d,1267,0.9664378337147216,0.6811938702486158,0.4910168833875588,0.5047657550149274,422
20261009,hct116_pIC50,stage12_2d_plus_unimol2,1267,0.9664378337147216,0.6807935704306838,0.49033097799103775,0.5053476273387874,422
20261009,hct116_pIC50,established_independent_2d,1267,0.9664378337147216,0.6937634077052469,0.49434712095077016,0.48632079550602925,422
20261010,hepg2_pIC50,matched_nested_2d,1518,0.9699680511182108,0.701800579627649,0.4697201103747405,0.4248113005881271,459
20261010,hepg2_pIC50,stage12_2d_plus_unimol2,1518,0.9699680511182108,0.7065061236249536,0.47222011171011974,0.41707220902821507,459
20261010,hepg2_pIC50,established_independent_2d,1518,0.9699680511182108,0.7159309454669954,0.47466563617553226,0.4014159098791218,459
20261010,hct116_pIC50,matched_nested_2d,1210,0.9229595728451564,0.6414946299332802,0.4643016094718853,0.5499839418955987,420
20261010,hct116_pIC50,stage12_2d_plus_unimol2,1210,0.9229595728451564,0.6411930277277307,0.46416147570926564,0.550406997438712,420
20261010,hct116_pIC50,established_independent_2d,1210,0.9229595728451564,0.634447956641274,0.463994628925255,0.559816289647254,420
